measure,seed7 every_step,Budapest
nodes,1015.0,1015.0
edges,149896.0,70654.0
density,0.29128360587246527,0.13729753888905083
mean degree,295.3615763546798,139.21970443349753
degree sd,93.20785766511337,71.54821314228278
min degree,117.0,7.0
max degree,615.0,466.0
clustering,0.4689063244822881,0.6696113499613852
transitivity,0.4466789798937964,0.5578189839289756
modularity,0.2015379901981903,0.5574332531069874
n communities,4.0,4.0
avg path length,1.7087163941275347,2.2189796057170064
diameter,2.0,5.0
effective diameter,1.8588998352110861,2.730848296573624
g(2)/total pairs,1.0,0.6526714664645699
lambda_1,326.92224058311757,178.94886202831643
lambda_2,121.34195823728557,171.43822560534082
lambda_1/<d>,1.1068543329770786,1.285370219370037
spectral gap,205.58028234583202,7.510636422975608
mean triangles,21358.13497536946,6794.8078817733995
min triangles,3284.0,18.0
T1 degree,0.7073891625615764,0.0
T2 eff. diameter,0.31929582557059843,0.0
T3 hop plot,0.5321644217371111,0.0
T4 scree,1.0694414277314008,0.0
T5 network value,0.2857142857142857,0.0
T6 triangles,0.645320197044335,0.0
SCORE (mean),0.5932208867265512,0.0
