measure,seed7 shipped,Budapest
nodes,1015.0,1015.0
edges,142111.0,70654.0
density,0.27615549790616106,0.13729753888905083
mean degree,280.02167487684727,139.21970443349753
degree sd,86.17667453918845,71.54821314228278
min degree,122.0,7.0
max degree,638.0,466.0
clustering,0.45275583938522074,0.6696113499613852
transitivity,0.42968166270494684,0.5578189839289756
modularity,0.20515397866367957,0.5574332531069874
n communities,4.0,4.0
avg path length,1.7238464453318565,2.2189796057170064
diameter,3.0,5.0
effective diameter,1.861851095188366,2.730848296573624
g(2)/total pairs,0.9999980567619825,0.6526714664645699
lambda_1,308.29946022786,178.94886202831643
lambda_2,119.22131484064211,171.43822560534082
lambda_1/<d>,1.1009842733190178,1.285370219370037
spectral gap,189.0781453872179,7.510636422975608
mean triangles,18381.46699507389,6794.8078817733995
min triangles,4350.0,18.0
T1 degree,0.6817733990147783,0.0
T2 eff. diameter,0.318215113770905,0.0
T3 hop plot,0.5321614443769578,0.0
T4 scree,1.0717248397669379,0.0
T5 network value,0.3103448275862069,0.0
T6 triangles,0.6197044334975369,0.0
SCORE (mean),0.5889873430022204,0.0
