measure,seed7 step2,Budapest
nodes,1015.0,1015.0
edges,147409.0,70654.0
density,0.2864507729229215,0.13729753888905083
mean degree,290.4610837438424,139.21970443349753
degree sd,89.2123730224868,71.54821314228278
min degree,117.0,7.0
max degree,690.0,466.0
clustering,0.46271028452453433,0.6696113499613852
transitivity,0.4404832341946024,0.5578189839289756
modularity,0.1816379973522397,0.5574332531069874
n communities,5.0,4.0
avg path length,1.7135570000291487,2.2189796057170064
diameter,3.0,5.0
effective diameter,1.8598648663369572,2.730848296573624
g(2)/total pairs,0.99999222704793,0.6526714664645699
lambda_1,319.92729335392386,178.94886202831643
lambda_2,120.81327852532824,171.43822560534082
lambda_1/<d>,1.1014463253744096,1.285370219370037
spectral gap,199.1140148285956,7.510636422975608
mean triangles,20270.16354679803,6794.8078817733995
min triangles,3118.0,18.0
T1 degree,0.7054187192118226,0.0
T2 eff. diameter,0.31894244412239353,0.0
T3 hop plot,0.5321525122964976,0.0
T4 scree,1.071545104758133,0.0
T5 network value,0.29852216748768473,0.0
T6 triangles,0.6492610837438424,0.0
SCORE (mean),0.5959736719367291,0.0
